{"cameraMode":{"drawMode":0,"name":"Shaded","section":"Shading Mode"},"sceneLighting":true,"audioPlay":false,"sceneViewState":{"showFog":true,"showMaterialUpdate":false,"showSkybox":true,"showFlares":true,"showImageEffects":true,"showParticleSystems":true},"in2DMode":false,"pivot":{"x":432.8071594238281,"y":368.4742431640625,"z":-5.34221076965332},"rotation":{"x":-0.02999613620340824,"y":0.011095399037003518,"z":0.00033808514126576483,"w":0.9994978308677673},"size":433.3776550292969,"orthographic":false}